date,season,neutral,playoff,team1,team2,score1,score2
04/14/2012,2012,0,0,RHI,CON,23,29
04/14/2012,2012,0,0,PHO,ROC,26,14
04/14/2012,2012,0,0,COL,IND,22,21
04/14/2012,2012,0,0,CIN,DET,19,17
04/21/2012,2012,0,0,COL,RHI,19,22
04/21/2012,2012,0,0,IND,CIN,18,20
04/21/2012,2012,0,0,PHO,CON,22,16
04/22/2012,2012,0,0,DET,RHI,24,26
04/28/2012,2012,0,0,CIN,COL,12,8
04/28/2012,2012,0,0,RHI,PHO,22,30
04/29/2012,2012,0,0,DET,ROC,26,22
05/05/2012,2012,0,0,CON,PHO,29,23
05/05/2012,2012,0,0,RHI,ROC,20,19
05/05/2012,2012,0,0,IND,DET,22,13
05/06/2012,2012,0,0,COL,DET,26,20
05/12/2012,2012,0,0,DET,CIN,21,19
05/12/2012,2012,0,0,PHO,RHI,24,18
05/12/2012,2012,0,0,CON,ROC,30,15
05/12/2012,2012,0,0,COL,IND,37,29
05/19/2012,2012,0,0,CON,RHI,22,20
05/19/2012,2012,0,0,IND,DET,20,18
05/20/2012,2012,0,0,ROC,RHI,21,23
05/20/2012,2012,0,0,CIN,IND,18,19
05/26/2012,2012,0,0,DET,IND,21,28
05/26/2012,2012,0,0,CON,COL,28,21
05/26/2012,2012,0,0,RHI,CIN,21,20
05/27/2012,2012,0,0,ROC,CIN,24,25
05/27/2012,2012,0,0,PHO,COL,23,20
06/02/2012,2012,0,0,DET,COL,24,21
06/02/2012,2012,0,0,ROC,CON,13,17
06/02/2012,2012,0,0,IND,CIN,20,18
06/09/2012,2012,0,0,CON,RHI,24,18
06/09/2012,2012,0,0,PHO,ROC,33,16
06/16/2012,2012,0,0,CON,PHO,19,29
06/16/2012,2012,0,0,ROC,IND,21,26
06/16/2012,2012,0,0,COL,CIN,23,20
06/17/2012,2012,0,0,DET,IND,23,21
06/23/2012,2012,0,0,RHI,CON,11,12
06/23/2012,2012,0,0,ROC,PHO,18,29
06/23/2012,2012,0,0,COL,DET,30,25
06/23/2012,2012,0,0,CIN,IND,17,13
06/24/2012,2012,0,0,IND,COL,22,20
06/24/2012,2012,0,0,CIN,DET,27,24
06/24/2012,2012,0,0,PHO,CON,24,20
06/30/2012,2012,0,0,RHI,IND,1,0
06/30/2012,2012,0,0,PHO,DET,22,23
06/30/2012,2012,0,0,CON,ROC,21,19
06/30/2012,2012,0,0,CIN,COL,1,0
07/01/2012,2012,0,0,ROC,RHI,24,15
07/07/2012,2012,0,0,CIN,CON,1,0
07/07/2012,2012,0,0,COL,ROC,0,1
07/08/2012,2012,0,0,IND,CON,1,0
07/08/2012,2012,0,0,ROC,PHO,13,35
07/08/2012,2012,0,0,DET,COL,27,26
07/14/2012,2012,0,0,CON,DET,0,1
07/14/2012,2012,0,0,RHI,ROC,27,21
07/14/2012,2012,0,0,IND,PHO,16,19
07/15/2012,2012,0,0,IND,COL,20,25
07/15/2012,2012,0,0,CIN,PHO,17,27
07/21/2012,2012,0,0,PHO,RHI,29,20
07/21/2012,2012,0,0,DET,CIN,20,22
07/21/2012,2012,0,0,ROC,CON,1,0
07/22/2012,2012,0,0,COL,CIN,19,17
07/29/2012,2012,0,1,IND,CIN,24,20
08/04/2012,2012,0,1,RHI,PHO,21,35
08/11/2012,2012,1,1,PHO,IND,29,22
04/12/2013,2013,0,0,CIN,CHI,15,26
04/13/2013,2013,0,0,DET,IND,24,30
04/20/2013,2013,0,0,DC,TOR,13,30
04/20/2013,2013,0,0,NY,ROC,23,14
04/20/2013,2013,0,0,IND,MIN,25,34
04/20/2013,2013,0,0,CHI,MAD,21,22
04/21/2013,2013,0,0,PHI,TOR,25,26
04/21/2013,2013,0,0,CIN,MIN,22,21
04/21/2013,2013,0,0,NJ,ROC,28,13
04/21/2013,2013,0,0,DET,MAD,25,24
04/27/2013,2013,0,0,PHI,ROC,26,14
04/27/2013,2013,0,0,NY,TOR,14,22
04/27/2013,2013,0,0,CIN,DET,11,15
04/27/2013,2013,0,0,IND,CHI,15,25
04/27/2013,2013,0,0,MIN,MAD,20,22
04/28/2013,2013,0,0,DC,ROC,26,25
04/28/2013,2013,0,0,CHI,CIN,23,16
04/28/2013,2013,0,0,NJ,TOR,19,29
05/03/2013,2013,0,0,MAD,MIN,19,15
05/04/2013,2013,0,0,DET,MIN,22,16
05/04/2013,2013,0,0,NY,DC,25,11
05/04/2013,2013,0,0,TOR,NJ,31,18
05/04/2013,2013,0,0,CHI,IND,25,17
05/05/2013,2013,0,0,PHI,DC,23,18
05/05/2013,2013,0,0,DET,CIN,22,23
05/05/2013,2013,0,0,ROC,NJ,20,15
05/11/2013,2013,0,0,ROC,NY,21,20
05/11/2013,2013,0,0,MIN,CHI,15,18
05/12/2013,2013,0,0,CIN,DET,17,10
05/12/2013,2013,0,0,DC,NJ,18,13
05/12/2013,2013,0,0,MAD,CHI,15,16
05/12/2013,2013,0,0,TOR,NY,16,9
05/18/2013,2013,0,0,DC,PHI,17,18
05/18/2013,2013,0,0,ROC,TOR,21,28
05/18/2013,2013,0,0,NJ,NY,16,24
05/18/2013,2013,0,0,IND,CIN,28,21
05/18/2013,2013,0,0,MAD,DET,26,16
05/19/2013,2013,0,0,MIN,DET,20,6
05/24/2013,2013,0,0,MAD,MIN,27,23
05/25/2013,2013,0,0,DC,ROC,14,16
05/25/2013,2013,0,0,DET,CHI,19,23
05/25/2013,2013,0,0,NJ,PHI,15,20
05/25/2013,2013,0,0,CIN,IND,21,27
05/26/2013,2013,0,0,PHI,ROC,17,16
05/26/2013,2013,0,0,CIN,IND,19,23
06/01/2013,2013,0,0,TOR,PHI,28,18
06/01/2013,2013,0,0,NJ,DC,20,22
06/01/2013,2013,0,0,MIN,CIN,26,9
06/02/2013,2013,0,0,ROC,PHI,14,12
06/02/2013,2013,0,0,NY,DC,23,13
06/02/2013,2013,0,0,MAD,CIN,26,20
06/02/2013,2013,0,0,IND,CHI,22,26
06/07/2013,2013,0,0,MIN,MAD,24,25
06/08/2013,2013,0,0,PHI,DC,31,27
06/08/2013,2013,0,0,ROC,NJ,26,20
06/08/2013,2013,0,0,CHI,DET,21,9
06/09/2013,2013,0,0,TOR,NJ,33,15
06/09/2013,2013,0,0,NY,PHI,19,18
06/09/2013,2013,0,0,IND,DET,27,23
06/15/2013,2013,0,0,PHI,NY,17,21
06/15/2013,2013,0,0,CIN,MAD,23,21
06/15/2013,2013,0,0,CHI,MIN,26,25
06/16/2013,2013,0,0,TOR,ROC,25,22
06/16/2013,2013,0,0,DC,NY,16,19
06/16/2013,2013,0,0,NJ,PHI,17,21
06/16/2013,2013,0,0,IND,MAD,22,24
06/22/2013,2013,0,0,DET,CHI,26,34
06/22/2013,2013,0,0,TOR,DC,40,16
06/22/2013,2013,0,0,NY,PHI,23,22
06/22/2013,2013,0,0,MAD,IND,20,16
06/23/2013,2013,0,0,ROC,DC,24,20
06/23/2013,2013,0,0,MIN,IND,21,29
06/23/2013,2013,0,0,CIN,CHI,17,20
06/23/2013,2013,0,0,NJ,NY,21,18
06/29/2013,2013,0,0,DC,PHI,21,23
06/29/2013,2013,0,0,NY,NJ,22,9
06/29/2013,2013,0,0,TOR,ROC,28,18
06/29/2013,2013,0,0,CHI,MAD,13,15
06/29/2013,2013,0,0,MIN,CIN,35,24
06/29/2013,2013,0,0,IND,DET,24,17
06/30/2013,2013,0,0,PHI,NJ,20,17
06/30/2013,2013,0,0,ROC,TOR,20,26
06/30/2013,2013,0,0,DET,MAD,22,29
07/05/2013,2013,0,0,CHI,MIN,28,13
07/06/2013,2013,0,0,ROC,NY,22,27
07/06/2013,2013,0,0,NJ,DC,17,24
07/06/2013,2013,0,0,IND,MIN,29,9
07/06/2013,2013,0,0,MAD,CIN,28,18
07/07/2013,2013,0,0,DET,CIN,17,16
07/07/2013,2013,0,0,TOR,NY,28,16
07/12/2013,2013,0,0,CHI,DET,32,19
07/13/2013,2013,0,0,DC,TOR,17,31
07/13/2013,2013,0,0,NY,NJ,25,16
07/13/2013,2013,0,0,MIN,IND,18,24
07/14/2013,2013,0,0,PHI,TOR,24,35
07/14/2013,2013,0,0,MAD,IND,25,23
07/26/2013,2013,0,1,NY,PHI,21,13
07/27/2013,2013,0,1,MAD,IND,18,15
08/03/2013,2013,0,1,CHI,MAD,15,21
08/03/2013,2013,1,1,TOR,NY,25,18
08/04/2013,2013,1,1,TOR,MAD,16,14
04/12/2014,2014,0,0,DET,MIN,21,30
04/12/2014,2014,0,0,CIN,MAD,16,25
04/12/2014,2014,0,0,DC,TOR,19,20
04/12/2014,2014,0,0,SLC,VAN,14,26
04/12/2014,2014,0,0,SJ,SF,20,16
04/13/2014,2014,0,0,CHI,MIN,27,19
04/13/2014,2014,0,0,IND,MAD,21,26
04/13/2014,2014,0,0,NY,TOR,20,22
04/13/2014,2014,0,0,SLC,VAN,12,21
04/18/2014,2014,0,0,CIN,CHI,23,22
04/19/2014,2014,0,0,DET,MAD,9,34
04/19/2014,2014,0,0,IND,CHI,25,19
04/19/2014,2014,0,0,MTL,TOR,14,22
04/19/2014,2014,0,0,VAN,SEA,24,19
04/19/2014,2014,0,0,SF,SLC,32,9
04/19/2014,2014,0,0,PHI,ROC,10,13
04/20/2014,2014,0,0,SJ,SLC,37,18
04/25/2014,2014,0,0,MIN,MAD,23,20
04/26/2014,2014,0,0,CHI,CIN,26,12
04/26/2014,2014,0,0,DET,IND,16,22
04/26/2014,2014,0,0,NY,ROC,27,8
04/26/2014,2014,0,0,SEA,SF,13,17
04/26/2014,2014,0,0,SLC,SJ,20,31
04/27/2014,2014,0,0,DC,ROC,30,22
04/27/2014,2014,0,0,VAN,SF,20,29
05/02/2014,2014,0,0,CIN,DET,25,13
05/03/2014,2014,0,0,MAD,IND,27,18
05/03/2014,2014,0,0,CHI,DET,16,9
05/03/2014,2014,0,0,TOR,ROC,26,11
05/03/2014,2014,0,0,MTL,NY,16,17
05/03/2014,2014,0,0,PHI,DC,22,30
05/03/2014,2014,0,0,SJ,SEA,25,20
05/04/2014,2014,0,0,MIN,IND,21,22
05/04/2014,2014,0,0,DC,PHI,28,19
05/04/2014,2014,0,0,SF,SEA,29,16
05/09/2014,2014,0,0,MAD,MIN,22,15
05/09/2014,2014,0,0,CHI,IND,20,19
05/10/2014,2014,0,0,IND,MIN,25,24
05/10/2014,2014,0,0,DET,CIN,15,20
05/10/2014,2014,0,0,ROC,TOR,18,30
05/10/2014,2014,0,0,NY,PHI,20,10
05/10/2014,2014,0,0,VAN,SJ,32,39
05/10/2014,2014,0,0,SLC,SF,16,19
05/11/2014,2014,0,0,SEA,SJ,14,23
05/16/2014,2014,0,0,CIN,IND,20,24
05/17/2014,2014,0,0,MIN,CHI,20,31
05/17/2014,2014,0,0,IND,DET,30,22
05/17/2014,2014,0,0,ROC,NY,13,24
05/17/2014,2014,0,0,VAN,SLC,40,28
05/17/2014,2014,0,0,SF,SJ,22,21
05/18/2014,2014,0,0,MTL,ROC,27,14
05/18/2014,2014,0,0,SEA,SLC,26,13
05/18/2014,2014,0,0,DC,PHI,25,21
05/23/2014,2014,0,0,CHI,MAD,15,14
05/24/2014,2014,0,0,MAD,CHI,15,12
05/24/2014,2014,0,0,TOR,DC,27,17
05/24/2014,2014,0,0,PHI,MTL,15,23
05/24/2014,2014,0,0,CIN,MIN,25,26
05/25/2014,2014,0,0,SEA,VAN,16,21
05/25/2014,2014,0,0,DET,MIN,18,29
05/25/2014,2014,0,0,ROC,DC,21,26
05/25/2014,2014,0,0,NY,MTL,26,21
05/31/2014,2014,0,0,CIN,MAD,12,29
05/31/2014,2014,0,0,DET,CHI,17,31
05/31/2014,2014,0,0,TOR,MTL,25,20
05/31/2014,2014,0,0,SJ,VAN,26,25
05/31/2014,2014,0,0,SLC,SEA,16,22
06/01/2014,2014,0,0,ROC,MTL,19,22
06/01/2014,2014,0,0,PHI,NY,16,27
06/01/2014,2014,0,0,SF,VAN,20,16
06/07/2014,2014,0,0,MIN,CIN,30,18
06/07/2014,2014,0,0,IND,MAD,12,23
06/07/2014,2014,0,0,CHI,DET,26,13
06/07/2014,2014,0,0,NY,MTL,24,16
06/07/2014,2014,0,0,VAN,SLC,37,9
06/07/2014,2014,0,0,SJ,SF,33,30
06/08/2014,2014,0,0,MAD,CIN,28,15
06/08/2014,2014,0,0,TOR,ROC,38,18
06/08/2014,2014,0,0,DC,MTL,25,24
06/08/2014,2014,0,0,SEA,SLC,35,11
06/14/2014,2014,0,0,MAD,MIN,23,15
06/14/2014,2014,0,0,MTL,TOR,18,31
06/14/2014,2014,0,0,ROC,PHI,16,17
06/14/2014,2014,0,0,DC,NY,31,26
06/14/2014,2014,0,0,SF,SEA,23,17
06/15/2014,2014,0,0,MTL,PHI,24,19
06/15/2014,2014,0,0,SJ,SEA,24,21
06/20/2014,2014,0,0,MAD,CHI,24,19
06/21/2014,2014,0,0,MIN,CHI,22,19
06/21/2014,2014,0,0,IND,CIN,23,22
06/21/2014,2014,0,0,TOR,NY,21,18
06/21/2014,2014,0,0,MTL,PHI,31,19
06/21/2014,2014,0,0,VAN,SJ,25,37
06/21/2014,2014,0,0,SLC,SF,22,31
06/22/2014,2014,0,0,TOR,PHI,29,15
06/22/2014,2014,0,0,ROC,NY,9,25
06/22/2014,2014,0,0,SEA,SJ,14,22
06/22/2014,2014,0,0,SLC,SF,24,33
06/27/2014,2014,0,0,MIN,DET,42,16
06/27/2014,2014,0,0,IND,CIN,29,15
06/28/2014,2014,0,0,MAD,DET,28,9
06/28/2014,2014,0,0,CHI,CIN,21,12
06/28/2014,2014,0,0,ROC,TOR,20,29
06/28/2014,2014,0,0,MTL,DC,20,29
06/28/2014,2014,0,0,SF,VAN,23,18
06/28/2014,2014,0,0,SJ,SLC,37,12
06/29/2014,2014,0,0,NY,DC,21,13
06/29/2014,2014,0,0,VAN,SEA,28,26
07/04/2014,2014,0,0,DET,IND,19,27
07/05/2014,2014,0,0,CIN,DET,24,20
07/05/2014,2014,0,0,TOR,MTL,19,20
07/05/2014,2014,0,0,PHI,ROC,29,24
07/05/2014,2014,0,0,DC,NY,23,31
07/06/2014,2014,0,0,PHI,DC,20,25
07/12/2014,2014,0,0,PHI,TOR,18,24
07/12/2014,2014,0,0,NY,DC,13,14
07/12/2014,2014,0,0,SEA,VAN,18,21
07/12/2014,2014,0,0,SF,SJ,17,23
07/13/2014,2014,0,0,MIN,IND,25,15
07/18/2014,2014,0,1,SJ,SF,26,16
07/19/2014,2014,0,1,TOR,DC,37,11
07/19/2014,2014,0,1,MAD,IND,25,16
07/19/2014,2014,0,1,NY,CHI,22,17
07/26/2014,2014,0,1,TOR,NY,31,16
07/26/2014,2014,1,1,MAD,SJ,20,23
07/27/2014,2014,0,1,TOR,SJ,18,28
04/11/2015,2015,0,0,LA,SEA,20,29
04/11/2015,2015,0,0,SF,VAN,26,25
04/11/2015,2015,0,0,IND,PIT,20,28
04/11/2015,2015,0,0,RAL,ATL,29,22
04/11/2015,2015,0,0,DC,TOR,17,37
04/11/2015,2015,0,0,CIN,DET,25,18
04/12/2015,2015,0,0,PHI,TOR,21,26
04/12/2015,2015,0,0,CHA,ATL,25,27
04/12/2015,2015,0,0,NY,MTL,22,20
04/12/2015,2015,0,0,SJ,VAN,32,26
04/12/2015,2015,0,0,SD,SEA,22,26
04/18/2015,2015,0,0,RAL,TB,33,26
04/18/2015,2015,0,0,NSH,ATL,17,23
04/18/2015,2015,0,0,DC,OTT,23,19
04/18/2015,2015,0,0,IND,MAD,18,26
04/18/2015,2015,0,0,SD,LA,23,25
04/18/2015,2015,0,0,SJ,SF,29,26
04/18/2015,2015,0,0,SEA,VAN,20,21
04/19/2015,2015,0,0,CHA,TB,19,21
04/19/2015,2015,0,0,PHI,OTT,15,18
04/19/2015,2015,0,0,CIN,MAD,9,23
04/24/2015,2015,0,0,IND,CIN,25,9
04/25/2015,2015,0,0,CHI,MIN,20,14
04/25/2015,2015,0,0,NY,PHI,27,17
04/25/2015,2015,0,0,OTT,TOR,19,23
04/25/2015,2015,0,0,NSH,TB,20,18
04/25/2015,2015,0,0,SF,SD,27,22
04/25/2015,2015,0,0,VAN,SEA,22,26
04/25/2015,2015,0,0,MAD,DET,35,12
04/25/2015,2015,0,0,PIT,CIN,30,16
04/26/2015,2015,0,0,SJ,SD,31,18
04/26/2015,2015,0,0,MTL,TOR,27,26
04/26/2015,2015,0,0,ATL,TB,23,20
05/01/2015,2015,0,0,IND,CHI,23,22
05/02/2015,2015,0,0,SD,SJ,21,23
05/02/2015,2015,0,0,CIN,CHI,18,27
05/02/2015,2015,0,0,MAD,PIT,24,18
05/02/2015,2015,0,0,ROC,OTT,18,24
05/02/2015,2015,0,0,DET,IND,16,30
05/02/2015,2015,0,0,RAL,CHA,34,22
05/02/2015,2015,0,0,TB,NSH,23,18
05/02/2015,2015,0,0,PHI,MTL,18,23
05/03/2015,2015,0,0,ATL,NSH,30,20
05/03/2015,2015,0,0,NY,OTT,24,17
05/03/2015,2015,0,0,DC,MTL,20,21
05/03/2015,2015,0,0,MIN,PIT,17,30
05/03/2015,2015,0,0,LA,SJ,19,20
05/08/2015,2015,0,0,CIN,IND,23,27
05/09/2015,2015,0,0,PHI,DC,29,30
05/09/2015,2015,0,0,ATL,RAL,29,28
05/09/2015,2015,0,0,TB,CHA,26,17
05/09/2015,2015,0,0,TOR,NY,28,25
05/09/2015,2015,0,0,PIT,MIN,28,22
05/09/2015,2015,0,0,CHI,IND,24,22
05/09/2015,2015,0,0,SF,SJ,18,20
05/09/2015,2015,0,0,SEA,SD,19,21
05/10/2015,2015,0,0,DET,MIN,20,27
05/10/2015,2015,0,0,LA,SEA,20,17
05/10/2015,2015,0,0,VAN,SD,27,29
05/10/2015,2015,0,0,NSH,RAL,21,22
05/15/2015,2015,0,0,DET,IND,18,28
05/15/2015,2015,0,0,MAD,CHI,16,13
05/15/2015,2015,0,0,SJ,SF,20,15
05/16/2015,2015,0,0,OTT,MTL,25,24
05/16/2015,2015,0,0,ROC,TOR,21,37
05/16/2015,2015,0,0,DC,NY,18,22
05/16/2015,2015,0,0,IND,CIN,27,18
05/16/2015,2015,0,0,CHA,NSH,29,26
05/16/2015,2015,0,0,TB,ATL,26,22
05/16/2015,2015,0,0,VAN,LA,27,24
05/16/2015,2015,0,0,SF,SD,18,21
05/16/2015,2015,0,0,MIN,CHI,12,12
05/17/2015,2015,0,0,SEA,LA,29,19
05/17/2015,2015,0,0,RAL,NSH,33,22
05/22/2015,2015,0,0,MAD,MIN,27,10
05/23/2015,2015,0,0,MTL,NY,20,17
05/23/2015,2015,0,0,TOR,DC,33,21
05/23/2015,2015,0,0,CHA,RAL,18,27
05/23/2015,2015,0,0,DET,CIN,25,29
05/23/2015,2015,0,0,SEA,VAN,34,27
05/23/2015,2015,0,0,SD,SF,25,27
05/23/2015,2015,0,0,CHI,MIN,25,15
05/24/2015,2015,0,0,OTT,NY,17,22
05/24/2015,2015,0,0,ROC,DC,25,27
05/24/2015,2015,0,0,LA,SF,23,22
05/24/2015,2015,0,0,VAN,SJ,31,24
05/29/2015,2015,0,0,ATL,CHA,26,18
05/30/2015,2015,0,0,OTT,PHI,28,18
05/30/2015,2015,0,0,TB,RAL,27,29
05/30/2015,2015,0,0,NY,ROC,27,16
05/30/2015,2015,0,0,PIT,DET,44,20
05/30/2015,2015,0,0,MIN,MAD,18,23
05/30/2015,2015,0,0,SJ,LA,27,19
05/31/2015,2015,0,0,MTL,PHI,25,16
05/31/2015,2015,0,0,SF,LA,24,17
06/05/2015,2015,0,0,ATL,RAL,24,20
06/05/2015,2015,0,0,CHI,CIN,28,10
06/06/2015,2015,0,0,MTL,ROC,21,19
06/06/2015,2015,0,0,TB,CHA,26,12
06/06/2015,2015,0,0,PHI,DC,20,26
06/06/2015,2015,0,0,NSH,RAL,21,27
06/06/2015,2015,0,0,PIT,MAD,26,22
06/06/2015,2015,0,0,IND,DET,29,21
06/06/2015,2015,0,0,NY,TOR,16,18
06/06/2015,2015,0,0,MIN,CIN,25,17
06/06/2015,2015,0,0,SJ,SF,17,18
06/06/2015,2015,0,0,LA,SD,19,20
06/07/2015,2015,0,0,DET,MAD,13,27
06/07/2015,2015,0,0,OTT,ROC,27,18
06/12/2015,2015,0,0,MIN,MAD,19,31
06/12/2015,2015,0,0,CHI,PIT,19,16
06/13/2015,2015,0,0,DET,PIT,21,34
06/13/2015,2015,0,0,TOR,PHI,37,17
06/13/2015,2015,0,0,MTL,OTT,22,33
06/13/2015,2015,0,0,CHA,TB,17,18
06/13/2015,2015,0,0,VAN,SJ,23,26
06/14/2015,2015,0,0,ROC,PHI,19,18
06/14/2015,2015,0,0,RAL,TB,26,28
06/14/2015,2015,0,0,NSH,ATL,21,25
06/14/2015,2015,0,0,SEA,SJ,25,23
06/19/2015,2015,0,0,CHI,MAD,22,23
06/20/2015,2015,0,0,TOR,MTL,24,18
06/20/2015,2015,0,0,TB,ATL,29,27
06/20/2015,2015,0,0,DC,NY,7,8
06/20/2015,2015,0,0,MAD,CHI,24,16
06/20/2015,2015,0,0,CHA,RAL,21,24
06/20/2015,2015,0,0,CIN,PIT,19,25
06/20/2015,2015,0,0,SJ,SEA,35,28
06/20/2015,2015,0,0,SD,VAN,32,28
06/21/2015,2015,0,0,ROC,MTL,21,24
06/21/2015,2015,0,0,ROC,MTL,17,23
06/21/2015,2015,0,0,NY,DC,21,13
06/21/2015,2015,0,0,SF,SEA,25,21
06/21/2015,2015,0,0,LA,VAN,27,20
06/27/2015,2015,0,0,MTL,OTT,25,29
06/27/2015,2015,0,0,DET,CHI,11,21
06/27/2015,2015,0,0,TOR,ROC,27,10
06/27/2015,2015,0,0,CIN,MIN,17,21
06/27/2015,2015,0,0,CHA,ATL,13,26
06/27/2015,2015,0,0,RAL,NSH,20,15
06/27/2015,2015,0,0,VAN,SF,19,22
06/28/2015,2015,0,0,NY,PHI,24,13
06/28/2015,2015,0,0,PIT,CHI,27,26
06/28/2015,2015,0,0,IND,MIN,21,25
06/28/2015,2015,0,0,SEA,SF,27,17
07/03/2015,2015,0,0,ROC,NY,19,25
07/04/2015,2015,0,0,ATL,TB,21,24
07/04/2015,2015,0,0,OTT,DC,25,26
07/05/2015,2015,0,0,MTL,DC,25,21
07/10/2015,2015,0,0,PIT,DET,42,16
07/10/2015,2015,0,0,DC,PHI,27,12
07/11/2015,2015,0,0,TB,NSH,29,27
07/11/2015,2015,0,0,DC,ROC,27,19
07/11/2015,2015,0,0,RAL,CHA,26,23
07/11/2015,2015,0,0,CIN,PIT,27,33
07/11/2015,2015,0,0,MIN,IND,22,21
07/11/2015,2015,0,0,SD,LA,23,22
07/12/2015,2015,0,0,MAD,IND,25,24
07/12/2015,2015,0,0,PHI,ROC,26,16
07/12/2015,2015,0,0,ATL,NSH,28,18
07/16/2015,2015,0,0,TOR,ROC,39,17
07/17/2015,2015,0,0,MIN,DET,45,11
07/17/2015,2015,0,0,MAD,CIN,39,19
07/18/2015,2015,0,0,PHI,NY,17,20
07/18/2015,2015,0,0,PIT,IND,29,25
07/18/2015,2015,0,0,OTT,TOR,26,30
07/18/2015,2015,0,0,NSH,CHA,22,19
07/18/2015,2015,0,0,SF,SJ,32,18
07/18/2015,2015,0,0,SEA,VAN,30,17
07/18/2015,2015,0,0,LA,SD,21,16
07/19/2015,2015,0,0,NSH,CHA,17,18
07/19/2015,2015,0,0,CHI,DET,28,12
07/19/2015,2015,0,0,TOR,OTT,25,19
07/19/2015,2015,0,0,VAN,SEA,26,24
07/19/2015,2015,0,0,SD,LA,21,15
07/24/2015,2015,0,1,MTL,NY,20,33
07/25/2015,2015,1,1,PIT,CHI,24,23
07/25/2015,2015,0,1,TOR,NY,25,19
07/25/2015,2015,0,1,MAD,PIT,24,21
07/25/2015,2015,0,1,RAL,TB,28,27
07/25/2015,2015,0,1,SEA,SF,21,19
07/26/2015,2015,0,1,SJ,SEA,21,19
08/08/2015,2015,1,1,MAD,RAL,22,19
08/08/2015,2015,1,1,SJ,TOR,25,20
08/09/2015,2015,1,1,SJ,MAD,17,15
04/02/2016,2016,0,0,RAL,CHA,23,18
04/02/2016,2016,0,0,DAL,AUS,30,18
04/02/2016,2016,0,0,SD,SF,23,25
04/02/2016,2016,0,0,CIN,DET,12,15
04/02/2016,2016,0,0,ATL,NSH,26,16
04/02/2016,2016,0,0,SEA,VAN,25,21
04/03/2016,2016,0,0,LA,SF,16,19
04/08/2016,2016,0,0,CIN,IND,17,22
04/08/2016,2016,0,0,SJ,SEA,26,25
04/09/2016,2016,0,0,SF,SEA,27,18
04/09/2016,2016,0,0,AUS,DAL,18,29
04/09/2016,2016,0,0,LA,SD,21,20
04/09/2016,2016,0,0,MAD,MIN,25,11
04/09/2016,2016,0,0,RAL,TB,24,19
04/09/2016,2016,0,0,DET,PIT,16,25
04/09/2016,2016,0,0,NY,OTT,24,19
04/09/2016,2016,0,0,ATL,CHA,18,16
04/10/2016,2016,0,0,CHI,MIN,11,17
04/10/2016,2016,0,0,DC,OTT,28,17
04/15/2016,2016,0,0,DET,CIN,20,19
04/16/2016,2016,0,0,SD,LA,19,17
04/16/2016,2016,0,0,SJ,SF,27,32
04/16/2016,2016,0,0,TB,NSH,31,22
04/16/2016,2016,0,0,VAN,SEA,34,24
04/16/2016,2016,0,0,MIN,CHI,22,21
04/16/2016,2016,0,0,IND,MAD,25,32
04/16/2016,2016,0,0,CHA,AUS,21,20
04/16/2016,2016,0,0,PHI,MTL,17,25
04/16/2016,2016,0,0,CIN,PIT,16,25
04/17/2016,2016,0,0,ATL,NSH,21,22
04/17/2016,2016,0,0,RAL,AUS,28,27
04/17/2016,2016,0,0,NY,MTL,21,19
04/23/2016,2016,0,0,DC,TOR,24,25
04/23/2016,2016,0,0,CHI,CIN,27,19
04/23/2016,2016,0,0,NSH,RAL,18,20
04/23/2016,2016,0,0,CHA,ATL,19,24
04/23/2016,2016,0,0,SF,SD,31,14
04/23/2016,2016,0,0,PIT,DET,26,16
04/23/2016,2016,0,0,DAL,TB,32,17
04/24/2016,2016,0,0,PHI,TOR,16,24
04/24/2016,2016,0,0,AUS,TB,28,23
04/24/2016,2016,0,0,IND,CIN,35,14
04/30/2016,2016,0,0,NY,PHI,28,16
04/30/2016,2016,0,0,TB,ATL,23,18
04/30/2016,2016,0,0,TOR,DC,24,23
04/30/2016,2016,0,0,PIT,MAD,18,22
04/30/2016,2016,0,0,RAL,DAL,18,24
04/30/2016,2016,0,0,SD,SEA,17,25
04/30/2016,2016,0,0,IND,MIN,20,21
05/01/2016,2016,0,0,LA,SEA,17,26
05/01/2016,2016,0,0,CIN,MIN,26,32
05/01/2016,2016,0,0,CHA,DAL,18,30
05/01/2016,2016,0,0,MTL,DC,18,26
05/01/2016,2016,0,0,TOR,OTT,32,15
05/06/2016,2016,0,0,SF,SJ,32,25
05/06/2016,2016,0,0,OTT,MTL,31,24
05/06/2016,2016,0,0,SEA,SD,23,19
05/07/2016,2016,0,0,PIT,CIN,31,14
05/07/2016,2016,0,0,NSH,CHA,24,26
05/07/2016,2016,0,0,DAL,AUS,24,16
05/07/2016,2016,0,0,DC,NY,23,22
05/07/2016,2016,0,0,MIN,IND,24,23
05/07/2016,2016,0,0,DET,CHI,13,18
05/07/2016,2016,0,0,MTL,TOR,31,27
05/07/2016,2016,0,0,ATL,RAL,25,23
05/07/2016,2016,0,0,VAN,SD,27,19
05/13/2016,2016,0,0,MAD,CHI,18,11
05/14/2016,2016,0,0,TOR,NY,22,14
05/14/2016,2016,0,0,PHI,DC,15,24
05/14/2016,2016,0,0,VAN,SF,18,22
05/14/2016,2016,0,0,TB,RAL,25,24
05/14/2016,2016,0,0,IND,PIT,31,23
05/14/2016,2016,0,0,NSH,AUS,22,29
05/14/2016,2016,0,0,SJ,SEA,26,27
05/14/2016,2016,0,0,DET,MAD,13,26
05/14/2016,2016,0,0,MIN,CHI,26,23
05/15/2016,2016,0,0,MTL,NY,12,17
05/15/2016,2016,0,0,ATL,AUS,22,23
05/20/2016,2016,0,0,SEA,SJ,27,17
05/21/2016,2016,0,0,VAN,SJ,22,20
05/21/2016,2016,0,0,NY,DC,14,15
05/21/2016,2016,0,0,PHI,MTL,18,21
05/21/2016,2016,0,0,CHA,RAL,14,23
05/21/2016,2016,0,0,SD,LA,18,26
05/21/2016,2016,0,0,TB,ATL,29,24
05/21/2016,2016,0,0,TOR,OTT,30,24
05/21/2016,2016,0,0,AUS,NSH,37,25
05/21/2016,2016,0,0,CHI,PIT,23,24
05/21/2016,2016,0,0,IND,DET,29,24
05/21/2016,2016,0,0,MAD,CIN,36,23
05/22/2016,2016,0,0,DAL,NSH,33,15
05/22/2016,2016,0,0,DC,MTL,28,14
05/22/2016,2016,0,0,MIN,PIT,24,27
05/27/2016,2016,0,0,MAD,MIN,36,15
05/27/2016,2016,0,0,CIN,IND,24,28
05/28/2016,2016,0,0,SF,VAN,30,27
05/28/2016,2016,0,0,RAL,TB,25,24
05/28/2016,2016,0,0,CHI,IND,19,17
05/28/2016,2016,0,0,DET,CIN,23,19
05/28/2016,2016,0,0,SEA,LA,27,26
05/28/2016,2016,0,0,ATL,DAL,20,26
05/28/2016,2016,0,0,OTT,TOR,20,35
05/28/2016,2016,0,0,MTL,DC,27,22
05/29/2016,2016,0,0,TOR,MTL,26,14
05/29/2016,2016,0,0,OTT,DC,27,22
05/29/2016,2016,0,0,SJ,VAN,27,17
05/29/2016,2016,0,0,CHA,TB,26,23
05/29/2016,2016,0,0,NSH,DAL,23,34
06/04/2016,2016,0,0,VAN,SF,29,27
06/04/2016,2016,0,0,OTT,MTL,30,27
06/04/2016,2016,0,0,DAL,CHA,28,18
06/04/2016,2016,0,0,MAD,PIT,23,16
06/04/2016,2016,0,0,PHI,NY,17,32
06/04/2016,2016,0,0,DC,TOR,28,23
06/04/2016,2016,0,0,LA,SJ,27,24
06/05/2016,2016,0,0,SEA,SF,28,25
06/05/2016,2016,0,0,AUS,CHA,31,14
06/05/2016,2016,0,0,NY,TOR,21,27
06/05/2016,2016,0,0,CHI,DET,15,17
06/05/2016,2016,0,0,SD,SJ,22,26
06/10/2016,2016,0,0,MIN,DET,31,28
06/11/2016,2016,0,0,TOR,PHI,28,6
06/11/2016,2016,0,0,CHA,RAL,21,29
06/11/2016,2016,0,0,SJ,LA,27,25
06/11/2016,2016,0,0,VAN,SEA,27,24
06/11/2016,2016,0,0,MAD,DET,37,19
06/11/2016,2016,0,0,PIT,CHI,26,22
06/11/2016,2016,0,0,MTL,OTT,21,20
06/11/2016,2016,0,0,TB,DAL,21,27
06/11/2016,2016,0,0,DC,NY,27,26
06/11/2016,2016,0,0,NSH,ATL,24,34
06/12/2016,2016,0,0,SF,LA,22,27
06/12/2016,2016,0,0,OTT,PHI,25,13
06/17/2016,2016,0,0,MIN,MAD,16,25
06/18/2016,2016,0,0,AUS,ATL,29,31
06/18/2016,2016,0,0,CIN,CHI,27,28
06/18/2016,2016,0,0,PHI,DC,18,34
06/18/2016,2016,0,0,LA,VAN,31,24
06/18/2016,2016,0,0,SJ,SF,24,25
06/18/2016,2016,0,0,TB,CHA,21,19
06/19/2016,2016,0,0,IND,CHI,29,17
06/19/2016,2016,0,0,DAL,ATL,31,21
06/19/2016,2016,0,0,NY,PHI,28,13
06/19/2016,2016,0,0,SD,VAN,23,25
06/25/2016,2016,0,0,VAN,LA,20,21
06/25/2016,2016,0,0,DC,PHI,27,16
06/25/2016,2016,0,0,CHA,NSH,28,19
06/25/2016,2016,0,0,CHI,MAD,10,21
06/25/2016,2016,0,0,NY,OTT,23,21
06/25/2016,2016,0,0,SJ,SD,24,21
06/25/2016,2016,0,0,TB,AUS,24,26
06/25/2016,2016,0,0,DET,IND,22,29
06/26/2016,2016,0,0,CIN,MAD,22,25
06/26/2016,2016,0,0,RAL,NSH,28,19
06/26/2016,2016,0,0,SF,SD,29,25
06/26/2016,2016,0,0,SEA,LA,16,22
06/26/2016,2016,0,0,PIT,IND,25,29
06/26/2016,2016,0,0,PHI,OTT,22,30
07/01/2016,2016,0,0,RAL,ATL,28,22
07/01/2016,2016,0,0,PIT,DET,31,13
07/02/2016,2016,0,0,MTL,TOR,18,29
07/02/2016,2016,0,0,IND,PIT,26,31
07/02/2016,2016,0,0,OTT,NY,24,19
07/02/2016,2016,0,0,LA,VAN,28,26
07/02/2016,2016,0,0,NSH,CHA,19,15
07/02/2016,2016,0,0,SD,SJ,32,21
07/02/2016,2016,0,0,AUS,DAL,22,26
07/02/2016,2016,0,0,MIN,CIN,28,21
07/03/2016,2016,0,0,TOR,NY,22,20
07/08/2016,2016,0,0,CHI,MAD,16,19
07/09/2016,2016,0,0,NSH,TB,30,26
07/09/2016,2016,0,0,OTT,PHI,37,16
07/09/2016,2016,0,0,DAL,RAL,27,22
07/09/2016,2016,0,0,SF,SJ,27,20
07/09/2016,2016,0,0,PIT,MIN,29,21
07/09/2016,2016,0,0,SEA,VAN,31,27
07/09/2016,2016,0,0,LA,SD,30,24
07/10/2016,2016,0,0,DET,MIN,19,20
07/10/2016,2016,0,0,MAD,IND,23,17
07/10/2016,2016,0,0,ATL,TB,27,26
07/10/2016,2016,0,0,MTL,PHI,27,19
07/10/2016,2016,0,0,AUS,RAL,33,12
07/16/2016,2016,0,1,PIT,MIN,20,18
07/16/2016,2016,0,1,LA,SEA,23,31
07/16/2016,2016,0,1,DC,NY,24,20
07/17/2016,2016,0,1,SF,SEA,17,23
07/17/2016,2016,0,1,RAL,ATL,23,25
07/23/2016,2016,0,1,DAL,ATL,28,21
07/23/2016,2016,0,1,MAD,PIT,20,16
07/23/2016,2016,0,1,TOR,DC,23,21
08/06/2016,2016,1,1,DAL,TOR,27,20
08/06/2016,2016,0,1,MAD,SEA,25,26
08/07/2016,2016,1,1,DAL,SEA,33,27
04/01/2017,2017,0,0,RAL,ATL,27,19
04/01/2017,2017,0,0,TB,NSH,40,23
04/01/2017,2017,0,0,DAL,AUS,21,17
04/01/2017,2017,0,0,SF,SJ,34,29
04/01/2017,2017,0,0,SD,LA,26,31
04/01/2017,2017,0,0,SEA,VAN,29,18
04/02/2017,2017,0,0,IND,MAD,19,24
04/08/2017,2017,0,0,NY,TOR,17,22
04/08/2017,2017,0,0,IND,DET,25,15
04/08/2017,2017,0,0,AUS,RAL,19,26
04/08/2017,2017,0,0,SJ,SF,24,22
04/09/2017,2017,0,0,DC,TOR,32,21
04/09/2017,2017,0,0,DAL,RAL,33,18
04/09/2017,2017,0,0,LA,VAN,21,18
04/15/2017,2017,0,0,NSH,ATL,27,37
04/15/2017,2017,0,0,TB,RAL,18,25
04/21/2017,2017,0,0,SJ,SD,30,25
04/22/2017,2017,0,0,PHI,MTL,23,24
04/22/2017,2017,0,0,RAL,DC,23,21
04/22/2017,2017,0,0,PIT,CHI,30,22
04/22/2017,2017,0,0,MIN,IND,26,16
04/22/2017,2017,0,0,ATL,TB,25,27
04/22/2017,2017,0,0,AUS,DAL,24,30
04/22/2017,2017,0,0,SF,SD,28,19
04/22/2017,2017,0,0,VAN,SEA,24,27
04/23/2017,2017,0,0,NY,MTL,21,8
04/23/2017,2017,0,0,NSH,TB,11,14
04/28/2017,2017,0,0,SEA,SJ,26,27
04/29/2017,2017,0,0,TOR,MTL,19,22
04/29/2017,2017,0,0,DET,CHI,23,14
04/29/2017,2017,0,0,NY,PHI,18,13
04/29/2017,2017,0,0,DC,OTT,29,24
04/29/2017,2017,0,0,PIT,IND,26,25
04/29/2017,2017,0,0,MIN,MAD,22,20
04/29/2017,2017,0,0,RAL,AUS,28,23
04/29/2017,2017,0,0,NSH,DAL,8,27
04/29/2017,2017,0,0,VAN,SJ,22,28
04/29/2017,2017,0,0,LA,SF,22,26
04/30/2017,2017,0,0,PHI,OTT,26,29
04/30/2017,2017,0,0,TB,AUS,30,22
04/30/2017,2017,0,0,ATL,DAL,24,29
04/30/2017,2017,0,0,SD,SF,20,21
05/06/2017,2017,0,0,OTT,TOR,21,24
05/06/2017,2017,0,0,DC,NY,22,21
05/06/2017,2017,0,0,MIN,IND,28,25
05/06/2017,2017,0,0,MAD,CHI,18,16
05/06/2017,2017,0,0,DAL,NSH,32,23
05/06/2017,2017,0,0,SEA,PIT,26,24
05/06/2017,2017,0,0,SD,VAN,22,14
05/07/2017,2017,0,0,MTL,TOR,17,24
05/07/2017,2017,0,0,AUS,NSH,31,11
05/07/2017,2017,0,0,LA,VAN,23,18
05/12/2017,2017,0,0,TB,DAL,24,22
05/13/2017,2017,0,0,TOR,DC,26,20
05/13/2017,2017,0,0,OTT,PHI,25,21
05/13/2017,2017,0,0,ATL,NSH,31,19
05/13/2017,2017,0,0,RAL,DAL,32,25
05/13/2017,2017,0,0,IND,MAD,20,23
05/13/2017,2017,0,0,CHI,MIN,17,20
05/13/2017,2017,0,0,VAN,SD,27,26
05/13/2017,2017,0,0,SF,SEA,27,28
05/13/2017,2017,0,0,SJ,LA,28,22
05/14/2017,2017,0,0,MTL,PHI,25,26
05/14/2017,2017,0,0,DET,MIN,19,22
05/20/2017,2017,0,0,DC,MTL,23,20
05/20/2017,2017,0,0,MIN,DET,26,17
05/20/2017,2017,0,0,MAD,PIT,31,25
05/20/2017,2017,0,0,AUS,ATL,27,28
05/20/2017,2017,0,0,TB,RAL,20,21
05/20/2017,2017,0,0,SJ,VAN,19,18
05/21/2017,2017,0,0,CHI,DET,22,12
05/21/2017,2017,0,0,DAL,ATL,26,18
05/21/2017,2017,0,0,SF,VAN,33,20
05/21/2017,2017,0,0,NY,MTL,16,19
05/27/2017,2017,0,0,NY,DC,25,28
05/27/2017,2017,0,0,DET,PIT,21,23
05/27/2017,2017,0,0,TOR,PHI,31,18
05/27/2017,2017,0,0,MAD,CHI,21,20
05/27/2017,2017,0,0,ATL,TB,20,23
05/27/2017,2017,0,0,LA,SD,23,24
05/28/2017,2017,0,0,MIN,CHI,23,20
05/28/2017,2017,0,0,MTL,PHI,23,21
06/02/2017,2017,0,0,OTT,MTL,22,31
06/03/2017,2017,0,0,DET,IND,23,32
06/03/2017,2017,0,0,TOR,OTT,33,23
06/03/2017,2017,0,0,PHI,DC,22,21
06/03/2017,2017,0,0,MAD,DAL,17,23
06/03/2017,2017,0,0,NSH,AUS,24,28
06/03/2017,2017,0,0,RAL,TB,27,26
06/03/2017,2017,0,0,CHI,PIT,22,21
06/03/2017,2017,0,0,VAN,SD,23,25
06/03/2017,2017,0,0,SJ,LA,23,28
06/04/2017,2017,0,0,SF,LA,30,24
06/04/2017,2017,0,0,SEA,SD,19,22
06/04/2017,2017,0,0,IND,PIT,26,28
06/04/2017,2017,0,0,ATL,AUS,27,24
06/04/2017,2017,0,0,DC,NY,18,17
06/09/2017,2017,0,0,SD,SEA,21,20
06/10/2017,2017,0,0,PHI,TOR,28,35
06/10/2017,2017,0,0,MTL,OTT,16,13
06/10/2017,2017,0,0,TB,ATL,27,23
06/10/2017,2017,0,0,RAL,NSH,32,20
06/10/2017,2017,0,0,MIN,MAD,22,23
06/10/2017,2017,0,0,SF,SJ,27,19
06/10/2017,2017,0,0,LA,SEA,25,20
06/11/2017,2017,0,0,DC,TOR,25,17
06/17/2017,2017,0,0,IND,DET,23,21
06/17/2017,2017,0,0,TOR,SF,33,27
06/17/2017,2017,0,0,MTL,DC,27,23
06/17/2017,2017,0,0,PIT,MAD,21,22
06/17/2017,2017,0,0,ATL,RAL,21,24
06/17/2017,2017,0,0,CHI,MIN,12,23
06/17/2017,2017,0,0,DAL,AUS,27,25
06/17/2017,2017,0,0,VAN,SEA,19,24
06/17/2017,2017,0,0,SD,SJ,24,28
06/18/2017,2017,0,0,OTT,DC,13,28
06/18/2017,2017,0,0,DET,MAD,11,21
06/18/2017,2017,0,0,NY,PHI,27,14
06/24/2017,2017,0,0,NY,OTT,23,22
06/24/2017,2017,0,0,DC,PHI,25,17
06/24/2017,2017,0,0,MAD,DET,21,9
06/24/2017,2017,0,0,RAL,TB,27,13
06/24/2017,2017,0,0,DAL,ATL,21,19
06/24/2017,2017,0,0,VAN,LA,20,21
06/24/2017,2017,0,0,SJ,SF,29,26
06/25/2017,2017,0,0,PHI,OTT,22,14
06/25/2017,2017,0,0,AUS,ATL,26,25
06/25/2017,2017,0,0,PIT,IND,18,16
06/25/2017,2017,0,0,CHI,DET,23,16
06/25/2017,2017,0,0,SEA,LA,26,29
06/30/2017,2017,0,0,SEA,VAN,31,10
07/01/2017,2017,0,0,DET,PIT,14,22
07/01/2017,2017,0,0,MTL,NY,29,20
07/01/2017,2017,0,0,MAD,MIN,21,13
07/01/2017,2017,0,0,NSH,AUS,21,27
07/01/2017,2017,0,0,IND,CHI,30,24
07/02/2017,2017,0,0,OTT,NY,19,20
07/02/2017,2017,0,0,PIT,CHI,21,20
07/07/2017,2017,0,0,DAL,TB,27,28
07/08/2017,2017,0,0,NSH,RAL,14,24
07/08/2017,2017,0,0,DET,MIN,17,31
07/08/2017,2017,0,0,TOR,MTL,28,20
07/08/2017,2017,0,0,NSH,RAL,26,31
07/08/2017,2017,0,0,AUS,TB,27,31
07/08/2017,2017,0,0,SD,LA,19,26
07/09/2017,2017,0,0,PIT,MIN,26,22
07/14/2017,2017,0,0,IND,MIN,25,26
07/14/2017,2017,0,0,CHI,MAD,17,26
07/14/2017,2017,0,0,ATL,NSH,27,22
07/14/2017,2017,0,0,SJ,SEA,17,21
07/15/2017,2017,0,0,PHI,NY,30,23
07/15/2017,2017,0,0,PIT,DET,28,24
07/15/2017,2017,0,0,TB,NSH,33,24
07/15/2017,2017,0,0,AUS,DAL,23,27
07/15/2017,2017,0,0,SF,SEA,31,26
07/15/2017,2017,0,0,LA,SD,18,22
07/16/2017,2017,0,0,OTT,TOR,25,30
07/21/2017,2017,0,0,SD,SJ,23,22
07/22/2017,2017,0,0,PHI,DC,20,23
07/22/2017,2017,0,0,OTT,NY,25,29
07/22/2017,2017,0,0,CHI,IND,19,26
07/22/2017,2017,0,0,MIN,PIT,19,13
07/22/2017,2017,0,0,SEA,SF,24,30
07/22/2017,2017,0,0,LA,SJ,24,23
07/23/2017,2017,0,0,MTL,OTT,31,22
07/23/2017,2017,0,0,MAD,IND,22,21
07/23/2017,2017,0,0,TOR,NY,20,14
07/23/2017,2017,0,0,VAN,SF,18,26
07/29/2017,2017,0,1,DAL,TB,22,12
08/04/2017,2017,0,1,MIN,PIT,25,26
08/11/2017,2017,0,1,DC,MTL,28,16
08/12/2017,2017,0,1,RAL,DAL,24,27
08/12/2017,2017,0,1,MAD,PIT,27,22
08/12/2017,2017,0,1,SJ,LA,24,33
08/13/2017,2017,0,1,TOR,DC,29,26
08/13/2017,2017,0,1,SF,LA,33,22
08/26/2017,2017,1,1,MAD,SF,19,23
08/26/2017,2017,1,1,DAL,TOR,21,24
08/27/2017,2017,1,1,TOR,SF,29,30
03/31/2018,2018,0,0,DET,IND,12,24
03/31/2018,2018,0,0,RAL,TB,27,22
04/07/2018,2018,0,0,SEA,MIN,29,28
04/07/2018,2018,0,0,PIT,DET,17,16
04/07/2018,2018,0,0,LA,SD,30,17
04/07/2018,2018,0,0,DC,MTL,22,24
04/07/2018,2018,0,0,SF,SJ,20,21
04/07/2018,2018,0,0,TB,ATL,15,17
04/07/2018,2018,0,0,RAL,DAL,14,17
04/07/2018,2018,0,0,IND,MAD,13,20
04/14/2018,2018,0,0,PIT,CHI,15,20
04/14/2018,2018,0,0,SEA,SD,16,22
04/14/2018,2018,0,0,TB,RAL,17,20
04/14/2018,2018,0,0,SJ,SF,27,28
04/14/2018,2018,0,0,NY,TOR,14,18
04/14/2018,2018,0,0,AUS,LA,23,22
04/15/2018,2018,0,0,NSH,ATL,17,18
04/15/2018,2018,0,0,PHI,TOR,18,19
04/15/2018,2018,0,0,DAL,LA,20,17
04/21/2018,2018,0,0,DET,MAD,12,27
04/21/2018,2018,0,0,MIN,CHI,24,23
04/21/2018,2018,0,0,ATL,TB,19,18
04/21/2018,2018,0,0,PHI,MTL,26,21
04/21/2018,2018,0,0,SF,TOR,18,28
04/21/2018,2018,0,0,NSH,RAL,26,31
04/21/2018,2018,0,0,SD,SEA,26,25
04/21/2018,2018,0,0,NY,OTT,28,16
04/21/2018,2018,0,0,IND,PIT,27,18
04/22/2018,2018,0,0,DAL,AUS,23,21
04/22/2018,2018,0,0,DC,OTT,26,19
04/22/2018,2018,0,0,LA,SJ,25,16
04/27/2018,2018,0,0,AUS,RAL,25,23
04/27/2018,2018,0,0,SJ,SD,18,17
04/28/2018,2018,0,0,OTT,MTL,33,35
04/28/2018,2018,0,0,MAD,PIT,29,13
04/28/2018,2018,0,0,SF,SD,21,25
04/28/2018,2018,0,0,PHI,DC,18,18
04/28/2018,2018,0,0,DAL,RAL,20,24
04/28/2018,2018,0,0,TB,NSH,25,13
04/28/2018,2018,0,0,CHI,IND,21,25
05/04/2018,2018,0,0,SD,SJ,31,28
05/05/2018,2018,0,0,MTL,PHI,14,17
05/05/2018,2018,0,0,MIN,MAD,19,20
05/05/2018,2018,0,0,DET,IND,22,31
05/05/2018,2018,0,0,ATL,AUS,22,23
05/05/2018,2018,0,0,LA,SJ,33,31
05/05/2018,2018,0,0,SEA,SF,27,25
05/05/2018,2018,0,0,NY,DC,19,18
05/05/2018,2018,0,0,RAL,TB,23,20
05/06/2018,2018,0,0,NSH,AUS,22,20
05/06/2018,2018,0,0,OTT,PHI,22,19
05/06/2018,2018,0,0,PIT,IND,18,27
05/12/2018,2018,0,0,MIN,DET,34,17
05/12/2018,2018,0,0,CHI,PIT,21,16
05/12/2018,2018,0,0,DC,RAL,25,24
05/12/2018,2018,0,0,ATL,TB,27,26
05/12/2018,2018,0,0,SJ,SF,23,26
05/12/2018,2018,0,0,AUS,DAL,23,27
05/13/2018,2018,0,0,MAD,DET,37,8
05/13/2018,2018,0,0,MTL,TOR,18,21
05/13/2018,2018,0,0,SEA,LA,26,30
05/13/2018,2018,0,0,IND,PIT,27,24
05/18/2018,2018,0,0,SF,SEA,32,29
05/19/2018,2018,0,0,CHI,MAD,16,24
05/19/2018,2018,0,0,PIT,MIN,21,33
05/19/2018,2018,0,0,TOR,DC,33,20
05/19/2018,2018,0,0,SD,LA,20,25
05/19/2018,2018,0,0,AUS,ATL,28,19
05/19/2018,2018,0,0,NSH,TB,32,30
05/19/2018,2018,0,0,NY,PHI,23,15
05/19/2018,2018,0,0,SJ,SEA,24,14
05/20/2018,2018,0,0,DET,MIN,24,34
05/20/2018,2018,0,0,TOR,OTT,21,19
05/20/2018,2018,0,0,MTL,DC,21,20
05/20/2018,2018,0,0,DAL,ATL,26,21
05/26/2018,2018,0,0,TOR,PHI,28,23
05/26/2018,2018,0,0,LA,SD,25,23
05/26/2018,2018,0,0,DC,NY,29,21
05/26/2018,2018,0,0,MAD,RAL,16,24
05/26/2018,2018,0,0,IND,CHI,26,22
05/26/2018,2018,0,0,NSH,AUS,27,21
05/27/2018,2018,0,0,OTT,PHI,30,18
06/01/2018,2018,0,0,RAL,AUS,32,14
06/02/2018,2018,0,0,DET,CHI,18,25
06/02/2018,2018,0,0,MTL,TOR,20,24
06/02/2018,2018,0,0,MIN,IND,22,18
06/02/2018,2018,0,0,SEA,SJ,25,29
06/02/2018,2018,0,0,PIT,DC,11,20
06/02/2018,2018,0,0,SD,SF,24,25
06/02/2018,2018,0,0,NY,OTT,24,21
06/02/2018,2018,0,0,TB,AUS,26,27
06/02/2018,2018,0,0,NSH,DAL,21,31
06/03/2018,2018,0,0,ATL,DAL,28,29
06/03/2018,2018,0,0,PHI,OTT,22,21
06/03/2018,2018,0,0,LA,SF,23,19
06/08/2018,2018,0,0,MAD,MIN,20,17
06/08/2018,2018,0,0,OTT,MTL,26,27
06/09/2018,2018,0,0,DC,TOR,25,24
06/09/2018,2018,0,0,PHI,PIT,30,21
06/09/2018,2018,0,0,AUS,DAL,17,19
06/09/2018,2018,0,0,SJ,SD,21,20
06/09/2018,2018,0,0,NSH,ATL,21,24
06/09/2018,2018,0,0,CHI,MAD,21,22
06/16/2018,2018,0,0,PIT,MAD,21,25
06/16/2018,2018,0,0,MTL,NY,26,22
06/16/2018,2018,0,0,MIN,DET,37,18
06/16/2018,2018,0,0,LA,SEA,26,17
06/16/2018,2018,0,0,ATL,DAL,20,24
06/16/2018,2018,0,0,SF,SJ,21,17
06/16/2018,2018,0,0,TOR,OTT,27,17
06/16/2018,2018,0,0,RAL,NSH,27,15
06/17/2018,2018,0,0,TB,DAL,25,28
06/17/2018,2018,0,0,CHI,DET,34,12
06/17/2018,2018,0,0,SD,SEA,25,27
06/17/2018,2018,0,0,TOR,NY,25,18
06/17/2018,2018,0,0,IND,MAD,21,20
06/23/2018,2018,0,0,MIN,PIT,28,29
06/23/2018,2018,0,0,ATL,RAL,30,20
06/23/2018,2018,0,0,TOR,DC,28,21
06/23/2018,2018,0,0,IND,DET,40,20
06/23/2018,2018,0,0,SEA,SD,22,23
06/23/2018,2018,0,0,SJ,LA,18,27
06/23/2018,2018,0,0,NY,MTL,22,23
06/23/2018,2018,0,0,AUS,NSH,24,23
06/24/2018,2018,0,0,DET,CHI,27,31
06/24/2018,2018,0,0,DAL,NSH,28,16
06/24/2018,2018,0,0,SF,LA,24,25
06/24/2018,2018,0,0,PHI,MTL,27,19
06/24/2018,2018,0,0,OTT,DC,29,30
06/30/2018,2018,0,0,DET,PIT,19,20
06/30/2018,2018,0,0,MIN,CHI,25,23
06/30/2018,2018,0,0,OTT,NY,23,29
06/30/2018,2018,0,0,MAD,IND,26,17
06/30/2018,2018,0,0,SD,SF,27,22
06/30/2018,2018,0,0,DC,PHI,25,15
06/30/2018,2018,0,0,DAL,AUS,29,25
06/30/2018,2018,0,0,TB,ATL,19,16
06/30/2018,2018,0,0,RAL,NSH,33,20
07/01/2018,2018,0,0,MTL,NY,18,26
07/01/2018,2018,0,0,SEA,SJ,25,24
07/01/2018,2018,0,0,LA,SF,28,21
07/03/2018,2018,0,0,MAD,MIN,35,24
07/07/2018,2018,0,0,CHI,IND,18,25
07/07/2018,2018,0,0,TOR,MTL,28,24
07/07/2018,2018,0,0,NY,PHI,27,23
07/07/2018,2018,0,0,DAL,TB,21,16
07/07/2018,2018,0,0,RAL,ATL,26,25
07/08/2018,2018,0,0,AUS,TB,1,0
07/08/2018,2018,0,0,OTT,TOR,13,26
07/13/2018,2018,0,0,SJ,SEA,27,24
07/14/2018,2018,0,0,MAD,CHI,27,24
07/14/2018,2018,0,0,PIT,DET,32,10
07/14/2018,2018,0,0,SF,SEA,20,31
07/14/2018,2018,0,0,DC,NY,29,19
07/14/2018,2018,0,0,TB,NSH,24,23
07/14/2018,2018,0,0,IND,MIN,26,16
07/14/2018,2018,0,0,SD,LA,34,21
07/15/2018,2018,0,0,CHI,MIN,20,23
07/15/2018,2018,0,0,MTL,OTT,25,32
07/15/2018,2018,0,0,PHI,NY,22,30
07/15/2018,2018,0,0,ATL,NSH,30,26
07/21/2018,2018,0,1,DC,NY,15,19
07/21/2018,2018,0,1,IND,MIN,20,19
07/21/2018,2018,0,1,LA,SD,26,22
07/27/2018,2018,0,1,AUS,RAL,23,26
07/28/2018,2018,0,1,MAD,IND,27,18
07/28/2018,2018,0,1,TOR,NY,17,18
07/28/2018,2018,0,1,DAL,RAL,20,19
08/11/2018,2018,1,1,DAL,NY,32,30
08/11/2018,2018,0,1,MAD,LA,24,19
08/12/2018,2018,0,1,MAD,DAL,20,16
